date,time,type,title,url,speaker,end_time
TUE 2 DEC,8:30 a.m.,Expo Talk Panel,Telling Stories at Scale: Multimodal ML in the Global Media Landscape,https://neurips.cc/virtual/2025/128652,,9:30 AM
TUE 2 DEC,8:30 a.m.,Expo Talk Panel,Data Scout: “From Prompt to Corpus: Accelerating Domain-Specific Data Collection with LLMGuided Discovery”,https://neurips.cc/virtual/2025/128656,,9:30 AM
TUE 2 DEC,8:30 a.m.,Expo Talk Panel,Multimodal Data Foundation at Industry-Scale,https://neurips.cc/virtual/2025/128659,,9:30 AM
TUE 2 DEC,8:30 a.m.,Expo Talk Panel,Toward General Full Autonomy: Open Research Challenges in Scalable Self-Driving,https://neurips.cc/virtual/2025/128661,,9:30 AM
TUE 2 DEC,8:30 a.m.,Expo Talk Panel,Beyond Benchmarks: Rethinking Reasoning in Language Models,https://neurips.cc/virtual/2025/128665,,9:30 AM
TUE 2 DEC,8:30 a.m.,Expo Talk Panel,Foundational Generative Recommendations for E-Commerce,https://neurips.cc/virtual/2025/128667,,9:30 AM
TUE 2 DEC,8:30 a.m.,Expo Talk Panel,From Research to Markets: Applying Cutting-Edge Machine Learning in Quantitative Finance,https://neurips.cc/virtual/2025/128670,,9:30 AM
TUE 2 DEC,8:30 a.m.,Expo Talk Panel,GRAID: Synthetic Data Generation with Geometric Constraints and Multi-Agentic Reflection for Harmful Content Detection,https://neurips.cc/virtual/2025/128668,,9:30 AM
TUE 2 DEC,9:30 a.m.,Tutorial,Planning in the Era of Language Models,https://neurips.cc/virtual/2025/109596,,12:00 PM
TUE 2 DEC,9:30 a.m.,Tutorial,Foundations of Tensor/Low-Rank Computations for AI,https://neurips.cc/virtual/2025/109591,,12:00 PM
TUE 2 DEC,9:30 a.m.,Tutorial,"Human-AI Alignment: Foundations, Methods, Practice, and Challenges",https://neurips.cc/virtual/2025/109592,,12:00 PM
TUE 2 DEC,9:30 a.m.,Tutorial,"Model Merging: Theory, Practice and Applications",https://neurips.cc/virtual/2025/109593,,12:00 PM
TUE 2 DEC,9:30 a.m.,Tutorial,New Frontiers of Hyperparameter Optimization: Recent advances and open challenges in theory and practice,https://neurips.cc/virtual/2025/109594,,12:00 PM
TUE 2 DEC,9:30 a.m.,Tutorial,"Explain AI Models: Methods and Opportunities in Explainable AI, Data-Centric AI, and Mechanistic Interpretability",https://neurips.cc/virtual/2025/109599,,1:30 PM
TUE 2 DEC,9:30 a.m.,Tutorial,Energy and Power as First-Class ML Design Metrics,https://neurips.cc/virtual/2025/109589,,12:00 PM
TUE 2 DEC,noon,Expo Demonstration,Multimodal AI Forensic Search for Video Surveillance,https://neurips.cc/virtual/2025/128632,,3:00 PM
TUE 2 DEC,noon,Expo Demonstration,Efficient LiDAR Processing with AI Models Leveraging Heterogeneous Compute,https://neurips.cc/virtual/2025/128633,,3:00 PM
TUE 2 DEC,noon,Expo Demonstration,Parallel generation with verification on device,https://neurips.cc/virtual/2025/128634,,3:00 PM
TUE 2 DEC,noon,Expo Demonstration,Soft Prompts for On-Device Content Moderation,https://neurips.cc/virtual/2025/128635,,3:00 PM
TUE 2 DEC,noon,Expo Demonstration,Generating group photos of multiple people from text and reference images,https://neurips.cc/virtual/2025/128636,,3:00 PM
TUE 2 DEC,noon,Expo Demonstration,Reasoning through Multimodal End-to-End Decision Transformer Networks and Vision Language Action (VLA) models,https://neurips.cc/virtual/2025/128637,,3:00 PM
TUE 2 DEC,noon,Expo Demonstration,Disaggregated LLM Serving on AI Accelerators,https://neurips.cc/virtual/2025/128638,,3:00 PM
TUE 2 DEC,noon,Expo Demonstration,SwiftEdit: Fast Text-guided Image Editing via One-step Diffusion on a Mobile Device,https://neurips.cc/virtual/2025/128639,,3:00 PM
TUE 2 DEC,noon,Expo Demonstration,Mobile Video Diffusion Transformers,https://neurips.cc/virtual/2025/128640,,3:00 PM
TUE 2 DEC,noon,Expo Demonstration,Pushing the boundaries of chemical synthesis with RetroChimera,https://neurips.cc/virtual/2025/128641,,3:00 PM
TUE 2 DEC,noon,Expo Demonstration,BeeAI,https://neurips.cc/virtual/2025/128642,,3:00 PM
TUE 2 DEC,noon,Expo Demonstration,ContextForge,https://neurips.cc/virtual/2025/128643,,3:00 PM
TUE 2 DEC,noon,Expo Demonstration,LLM-Powered Intelligent Data Engineering: From Workflow Design to Ingestion andQuality Assurance,https://neurips.cc/virtual/2025/128644,,3:00 PM
TUE 2 DEC,noon,Expo Demonstration,ALICE: Agentic Logic for Incident and Codebug Elimination,https://neurips.cc/virtual/2025/128646,,3:00 PM
TUE 2 DEC,noon,Expo Demonstration,AI or Human,https://neurips.cc/virtual/2025/128647,,3:00 PM
TUE 2 DEC,noon,Expo Demonstration,Who Needs Attention Anyway? Real-Time Control from Learned State Geometry,https://neurips.cc/virtual/2025/128648,,3:00 PM
TUE 2 DEC,noon,Expo Demonstration,"PRIME Guardrails in Action: A Live Demonstration of an Agentic, Multi-Layered Safety Framework for Generative AI",https://neurips.cc/virtual/2025/128650,,3:00 PM
TUE 2 DEC,noon,Expo Workshop,Creative and Protective AI for Music and Entertainment,https://neurips.cc/virtual/2025/128679,,1:30 PM
TUE 2 DEC,noon,Expo Workshop,Large-Scale Real-World Physical AI Systems,https://neurips.cc/virtual/2025/128672,,1:30 PM
TUE 2 DEC,noon,Expo Workshop,Checkmate: Fine-tune your own small language model for real-time chess reasoning and gameplay on AWS Trainium,https://neurips.cc/virtual/2025/128680,,1:30 PM
TUE 2 DEC,noon,Expo Workshop,Workshop on multimodal Superintelligence,https://neurips.cc/virtual/2025/128681,,1:30 PM
TUE 2 DEC,noon,Expo Demonstration,Interpretable AI for Risk-Based Human Rights Assessment in Global Supply Chains,https://neurips.cc/virtual/2025/128649,,3:00 PM
TUE 2 DEC,noon,Expo Demonstration,Build verifiable apps using Generative AI and Automated Reasoning,https://neurips.cc/virtual/2025/128651,,3:00 PM
TUE 2 DEC,noon,Expo Workshop,CausalFairness: An Open-Source Python Library for Causal Fairness Analysis,https://neurips.cc/virtual/2025/128677,,1:30 PM
TUE 2 DEC,noon,Expo Demonstration,Learning to Steer LLMs with AI Steerability 360 and In-Context Explainability 360,https://neurips.cc/virtual/2025/128645,,3:00 PM
TUE 2 DEC,noon,Expo Workshop,Introduction to Generative Computing,https://neurips.cc/virtual/2025/128678,,1:30 PM
TUE 2 DEC,noon,Expo Workshop,Exploring Trust and Reliability in LLM Evaluation,https://neurips.cc/virtual/2025/128673,,1:30 PM
TUE 2 DEC,1:30 p.m.,Tutorial,Foundations of Imitation Learning: From Language Modeling to Continuous Control,https://neurips.cc/virtual/2025/109590,,4:00 PM
TUE 2 DEC,1:30 p.m.,Tutorial,Scale Test-Time Compute on Modern Hardware,https://neurips.cc/virtual/2025/109595,,3:00 PM
TUE 2 DEC,1:30 p.m.,Tutorial,Autoregressive Models Beyond Language,https://neurips.cc/virtual/2025/109587,,3:00 PM
TUE 2 DEC,1:30 p.m.,Tutorial,"Recent Developments in Geometric Machine Learning: Foundations, Models, and More",https://neurips.cc/virtual/2025/109600,,3:00 PM
TUE 2 DEC,1:30 p.m.,Tutorial,Theoretical Insights on Training Instability in Deep Learning,https://neurips.cc/virtual/2025/109597,,3:00 PM
TUE 2 DEC,1:30 p.m.,Tutorial,"The Science of Benchmarking: What’s Measured, What’s Missed, and What’s Next",https://neurips.cc/virtual/2025/109598,,3:00 PM
TUE 2 DEC,1:30 p.m.,Tutorial,"Data Privacy, Memorization, & Legal Implications in  Generative AI: A Practical Guide",https://neurips.cc/virtual/2025/109588,,3:00 PM
TUE 2 DEC,4 p.m.,Expo Talk Panel,Recent developments in embodied AI,https://neurips.cc/virtual/2025/128653,,5:00 PM
TUE 2 DEC,4 p.m.,Expo Talk Panel,Distributed Orthonormal Updates for Large-Scale Training,https://neurips.cc/virtual/2025/128655,,5:00 PM
TUE 2 DEC,4 p.m.,Expo Talk Panel,Ling 2.0 and Ling-1T: Scaling Knowledge-Enhanced Large Language Models for Reasoning and Efficiency,https://neurips.cc/virtual/2025/128657,,5:00 PM
TUE 2 DEC,4 p.m.,Expo Talk Panel,Agentic AI/RL,https://neurips.cc/virtual/2025/128662,,5:00 PM
TUE 2 DEC,4 p.m.,Expo Talk Panel,"Neural Arms Race: Authenticity, Infringement Analysis, and Attribution in the Age of AI Music",https://neurips.cc/virtual/2025/128669,,5:00 PM
TUE 2 DEC,4 p.m.,Expo Talk Panel,Building an AI Ecosystem for Multiscale Biological Discovery,https://neurips.cc/virtual/2025/128658,,5:00 PM
TUE 2 DEC,4 p.m.,Expo Talk Panel,Building Foundational Models for Robotics at Tesla,https://neurips.cc/virtual/2025/128654,,5:00 PM
WED 3 DEC,8:30 a.m.,Invited Talk,Rich Sutton_The Oak Architecture: A Vision of SuperIntelligence from Experience,https://neurips.cc/virtual/2025/invited-talk/109601,Rich Sutton,9:30 AM
WED 3 DEC,noon,Expo Workshop,"AI Assistants in the Wild: Agents, Adaptation, and Memory-Augmented Deployment",https://neurips.cc/virtual/2025/128671,,1:30 PM
WED 3 DEC,noon,Expo Workshop,On Device/Edge AI,https://neurips.cc/virtual/2025/128674,,1:30 PM
WED 3 DEC,noon,Expo Workshop,Multi-Agent Systems in Industry: From Research to Real-World Impact,https://neurips.cc/virtual/2025/128675,,1:30 PM
WED 3 DEC,noon,Expo Workshop,Using the Virtual Cell Platform to Accelerate Machine Learning in Biology,https://neurips.cc/virtual/2025/128676,,1:30 PM
WED 3 DEC,2:30 p.m.,Invited Talk,Are We Having the Wrong Nightmares About AI?,https://neurips.cc/virtual/2025/invited-talk/109606,Zeynep Tufekci,3:30 PM
WED 3 DEC,4:30 p.m.,Expo Talk Panel,"Juries, Not Judges! Industry-Scale Evaluation of Trustworthy AI via Dynamic LLM Panels",https://neurips.cc/virtual/2025/128660,,5:30 PM
WED 3 DEC,4:30 p.m.,Expo Talk Panel,"Frontier Open-Weight Models: Building Transparent, Secure, and Sovereign AI",https://neurips.cc/virtual/2025/128664,,5:30 PM
WED 3 DEC,4:30 p.m.,Expo Talk Panel,The Co-X Framework: Versatile AI Agents for Automating and Augmenting Professional Workflows,https://neurips.cc/virtual/2025/128666,,5:30 PM
WED 3 DEC,4:30 p.m.,Expo Talk Panel,Cosmos World Foundation Model Platform for Physical AI,https://neurips.cc/virtual/2025/128663,,5:30 PM
WED 3 DEC,10:00-11:00,Oral Session,Oral Session 1A,https://neurips.cc/virtual/2025/session/122546,,11:00 AM
WED 3 DEC,10:00-11:00,Oral Paper,  → Understanding and Mitigating Numerical Sources of Nondeterminism in LLM Inference,https://neurips.cc/virtual/2025/oral/118170,,11:00 AM
WED 3 DEC,10:00-11:00,Oral Paper,  → Artificial Hivemind: The Open-Ended Homogeneity of Language Models (and Beyond),https://neurips.cc/virtual/2025/oral/121422,,11:00 AM
WED 3 DEC,10:00-11:00,Oral Paper,  → SAVVY: Spatial Awareness via Audio-Visual LLMs through Seeing and Hearing,https://neurips.cc/virtual/2025/oral/115002,,11:00 AM
WED 3 DEC,10:00-11:00,Oral Session,Oral Session 1B,https://neurips.cc/virtual/2025/session/122547,,11:00 AM
WED 3 DEC,10:00-11:00,Oral Paper,  → Optimal Mistake Bounds for Transductive Online Learning,https://neurips.cc/virtual/2025/oral/119099,,11:00 AM
WED 3 DEC,10:00-11:00,Oral Paper,  → High-Dimensional Calibration from Swap Regret,https://neurips.cc/virtual/2025/oral/117761,,11:00 AM
WED 3 DEC,10:00-11:00,Oral Paper,  → Does Stochastic Gradient really succeed for bandits?,https://neurips.cc/virtual/2025/oral/116754,,11:00 AM
WED 3 DEC,10:00-11:00,Oral Session,Oral Session 1C,https://neurips.cc/virtual/2025/session/122548,,11:00 AM
WED 3 DEC,10:00-11:00,Oral Paper,  → Adjoint Schrödinger Bridge Sampler,https://neurips.cc/virtual/2025/oral/115787,,11:00 AM
WED 3 DEC,10:00-11:00,Oral Paper,  → Rethinking Joint Maximum Mean Discrepancy for Visual Domain Adaptation,https://neurips.cc/virtual/2025/oral/117477,,11:00 AM
WED 3 DEC,10:00-11:00,Oral Paper,  → Class-wise Balancing Data Replay for Federated Class-Incremental Learning,https://neurips.cc/virtual/2025/oral/117265,,11:00 AM
WED 3 DEC,10:00-11:00,Oral Session,Oral Session 1D,https://neurips.cc/virtual/2025/session/122549,,11:00 AM
WED 3 DEC,10:00-11:00,Oral Paper,  → Representation Entanglement for Generation: Training Diffusion Transformers Is Much Easier Than You Think,https://neurips.cc/virtual/2025/oral/116345,,11:00 AM
WED 3 DEC,10:00-11:00,Oral Paper,  → On the Closed-Form of Flow Matching: Generalization Does Not Arise from Target Stochasticity,https://neurips.cc/virtual/2025/oral/116379,,11:00 AM
WED 3 DEC,10:00-11:00,Oral Paper,  → Why Diffusion Models Don’t Memorize:  The Role of Implicit Dynamical Regularization in Training,https://neurips.cc/virtual/2025/oral/119373,,11:00 AM
WED 3 DEC,10:00-11:00,Oral Session,Oral Session 1E,https://neurips.cc/virtual/2025/session/122550,,11:00 AM
WED 3 DEC,10:00-11:00,Oral Paper,  → Dynam3D: Dynamic Layered 3D Tokens Empower VLM for Vision-and-Language Navigation,https://neurips.cc/virtual/2025/oral/115716,,11:00 AM
WED 3 DEC,10:00-11:00,Oral Paper,  → Perception Encoder: The best visual embeddings are not at the output of the network,https://neurips.cc/virtual/2025/oral/118806,,11:00 AM
WED 3 DEC,10:00-11:00,Oral Paper,  → Interactive Cross-modal Learning for Text-3D Scene Retrieval,https://neurips.cc/virtual/2025/oral/116803,,11:00 AM
WED 3 DEC,3:30-4:30,Oral Session,Oral Session 2A,https://neurips.cc/virtual/2025/session/122551,,4:30 PM
WED 3 DEC,3:30-4:30,Oral Paper,  → Agnostic Active Learning Is Always Better Than Passive Learning,https://neurips.cc/virtual/2025/oral/117512,,4:30 PM
WED 3 DEC,3:30-4:30,Oral Paper,  → Tighter CMI-Based Generalization Bounds via Stochastic Projection and Quantization,https://neurips.cc/virtual/2025/oral/117680,,4:30 PM
WED 3 DEC,3:30-4:30,Oral Paper,  → Dynamical Decoupling of Generalization and Overfitting in Large Two-Layer Networks,https://neurips.cc/virtual/2025/oral/118768,,4:30 PM
WED 3 DEC,3:30-4:30,Oral Session,Oral Session 2B,https://neurips.cc/virtual/2025/session/122552,,4:30 PM
WED 3 DEC,3:30-4:30,Oral Paper,  → PhySense: Sensor Placement Optimization for Accurate Physics Sensing,https://neurips.cc/virtual/2025/oral/115066,,4:30 PM
WED 3 DEC,3:30-4:30,Oral Paper,  → TransferTraj: A Vehicle Trajectory Learning Model for Region and Task Transferability,https://neurips.cc/virtual/2025/oral/117509,,4:30 PM
WED 3 DEC,3:30-4:30,Oral Paper,  → OrthoLoC: UAV 6-DoF Localization and Calibration Using Orthographic Geodata,https://neurips.cc/virtual/2025/oral/121612,,4:30 PM
WED 3 DEC,3:30-4:30,Oral Session,Oral Session 2C,https://neurips.cc/virtual/2025/session/122553,,4:30 PM
WED 3 DEC,3:30-4:30,Oral Paper,  → A multiscale analysis of mean-field transformers in the moderate interaction regime,https://neurips.cc/virtual/2025/oral/117616,,4:30 PM
WED 3 DEC,3:30-4:30,Oral Paper,  → The emergence of sparse attention: impact of data distribution and benefits of repetition,https://neurips.cc/virtual/2025/oral/116475,,4:30 PM
WED 3 DEC,3:30-4:30,Oral Paper,  → From Condensation to Rank Collapse: A Two-Stage Analysis of Transformer Training Dynamics,https://neurips.cc/virtual/2025/oral/116706,,4:30 PM
WED 3 DEC,3:30-4:30,Oral Session,Oral Session 2D,https://neurips.cc/virtual/2025/session/122554,,4:30 PM
WED 3 DEC,3:30-4:30,Oral Paper,  → PRIMT: Preference-based Reinforcement Learning with Multimodal Feedback and Trajectory Synthesis from Foundation Models,https://neurips.cc/virtual/2025/oral/119904,,4:30 PM
WED 3 DEC,3:30-4:30,Oral Paper,  → Adaptive Surrogate Gradients for Sequential Reinforcement Learning in Spiking Neural Networks,https://neurips.cc/virtual/2025/oral/116055,,4:30 PM
WED 3 DEC,3:30-4:30,Oral Paper,  → SAGE: A Unified Framework for Generalizable Object State Recognition with State-Action Graph Embedding,https://neurips.cc/virtual/2025/oral/116465,,4:30 PM
WED 3 DEC,3:30-4:30,Oral Session,Oral Session 2E,https://neurips.cc/virtual/2025/session/122555,,4:30 PM
WED 3 DEC,3:30-4:30,Oral Paper,  → Envisioning Beyond the Pixels: Benchmarking Reasoning-Informed Visual Editing,https://neurips.cc/virtual/2025/oral/121634,,4:30 PM
WED 3 DEC,3:30-4:30,Oral Paper,  → CoralVQA: A Large-Scale Visual Question Answering Dataset for Coral Reef Image Understanding,https://neurips.cc/virtual/2025/oral/121509,,4:30 PM
WED 3 DEC,3:30-4:30,Oral Paper,  → OpenHOI: Open-World Hand-Object Interaction Synthesis with Multimodal Large Language Model,https://neurips.cc/virtual/2025/oral/120304,,4:30 PM
THU 4 DEC,8:30 a.m.,Invited Talk,The Art of (Artificial) Reasoning,https://neurips.cc/virtual/2025/invited-talk/109603,Yejin Choi,9:30 AM
THU 4 DEC,2:30 p.m.,Invited Talk,"On the Science of “Alien Intelligences”: Evaluating Cognitive Capabilities in Babies, Animals, and AI",https://neurips.cc/virtual/2025/invited-talk/109607,Melanie Mitchell,3:30 PM
THU 4 DEC,10:00-11:00,Oral Session,Oral Session 3A,https://neurips.cc/virtual/2025/session/122556,,11:00 AM
THU 4 DEC,10:00-11:00,Oral Paper,  → Identifiability of Deep Polynomial Neural Networks,https://neurips.cc/virtual/2025/oral/118427,,11:00 AM
THU 4 DEC,10:00-11:00,Oral Paper,  → Depth-Bounds for Neural Networks via the Braid Arrangement,https://neurips.cc/virtual/2025/oral/117519,,11:00 AM
THU 4 DEC,10:00-11:00,Oral Paper,  → Learning Linear Attention in Polynomial Time,https://neurips.cc/virtual/2025/oral/118143,,11:00 AM
THU 4 DEC,10:00-11:00,Oral Session,Oral Session 3B,https://neurips.cc/virtual/2025/session/122557,,11:00 AM
THU 4 DEC,10:00-11:00,Oral Paper,  → ControlFusion: A Controllable Image Fusion Network with Language-Vision Degradation Prompts,https://neurips.cc/virtual/2025/oral/117276,,11:00 AM
THU 4 DEC,10:00-11:00,Oral Paper,  → Pan-LUT: Efficient Pan-sharpening via Learnable Look-Up Tables,https://neurips.cc/virtual/2025/oral/118251,,11:00 AM
THU 4 DEC,10:00-11:00,Oral Paper,  → FuXi-Ocean: A Global Ocean Forecasting System with Sub-Daily Resolution,https://neurips.cc/virtual/2025/oral/117604,,11:00 AM
THU 4 DEC,10:00-11:00,Oral Session,Oral Session 3C,https://neurips.cc/virtual/2025/session/122558,,11:00 AM
THU 4 DEC,10:00-11:00,Oral Paper,  → Auto-Compressing Networks,https://neurips.cc/virtual/2025/oral/116934,,11:00 AM
THU 4 DEC,10:00-11:00,Oral Paper,  → Dynamical Low-Rank Compression of Neural Networks with Robustness under Adversarial Attacks,https://neurips.cc/virtual/2025/oral/119732,,11:00 AM
THU 4 DEC,10:00-11:00,Oral Paper,  → ImageNet-trained CNNs are not biased towards texture: Revisiting feature reliance through controlled suppression,https://neurips.cc/virtual/2025/oral/116595,,11:00 AM
THU 4 DEC,10:00-11:00,Oral Session,Oral Session 3D,https://neurips.cc/virtual/2025/session/122559,,11:00 AM
THU 4 DEC,10:00-11:00,Oral Paper,  → State Entropy Regularization for Robust Reinforcement Learning,https://neurips.cc/virtual/2025/oral/115740,,11:00 AM
THU 4 DEC,10:00-11:00,Oral Paper,  → A Clean Slate for Offline Reinforcement Learning,https://neurips.cc/virtual/2025/oral/119623,,11:00 AM
THU 4 DEC,10:00-11:00,Oral Paper,  → Breaking the Performance Ceiling in Reinforcement Learning requires Inference Strategies,https://neurips.cc/virtual/2025/oral/117976,,11:00 AM
THU 4 DEC,10:00-11:00,Oral Session,Oral Session 3E,https://neurips.cc/virtual/2025/session/122560,,11:00 AM
THU 4 DEC,10:00-11:00,Oral Paper,"  → Position: If Innovation in AI systematically Violates Fundamental Rights, Is It Innovation at All?",https://neurips.cc/virtual/2025/oral/126305,,11:00 AM
THU 4 DEC,10:00-11:00,Oral Paper,  → More effort is needed to protect pedestrian privacy in the era of AI,https://neurips.cc/virtual/2025/oral/126301,,11:00 AM
THU 4 DEC,10:00-11:00,Oral Paper,"  → Real-Time Hyper-Personalized Generative AI Should Be Regulated to Prevent the Rise of ""Digital Heroin""",https://neurips.cc/virtual/2025/oral/126308,,11:00 AM
THU 4 DEC,3:30-4:30,Oral Session,Oral Session 4A,https://neurips.cc/virtual/2025/session/122561,,4:30 PM
THU 4 DEC,3:30-4:30,Oral Paper,  → A is for Absorption: Studying Feature Splitting and Absorption in Sparse Autoencoders,https://neurips.cc/virtual/2025/oral/118059,,4:30 PM
THU 4 DEC,3:30-4:30,Oral Paper,"  → Gated Attention for Large Language Models: Non-linearity, Sparsity, and Attention-Sink-Free",https://neurips.cc/virtual/2025/oral/120217,,4:30 PM
THU 4 DEC,3:30-4:30,Oral Paper,  → Superposition Yields Robust Neural Scaling,https://neurips.cc/virtual/2025/oral/116347,,4:30 PM
THU 4 DEC,3:30-4:30,Oral Session,Oral Session 4B,https://neurips.cc/virtual/2025/session/122562,,4:30 PM
THU 4 DEC,3:30-4:30,Oral Paper,  → In Search of Adam’s Secret Sauce,https://neurips.cc/virtual/2025/oral/119298,,4:30 PM
THU 4 DEC,3:30-4:30,Oral Paper,  → Analog In-memory Training on General Non-ideal Resistive Elements: The Impact of Response Functions,https://neurips.cc/virtual/2025/oral/117576,,4:30 PM
THU 4 DEC,3:30-4:30,Oral Paper,"  → Generalized Gradient Norm Clipping & Non-Euclidean(L0,L1)-Smoothness",https://neurips.cc/virtual/2025/oral/115789,,4:30 PM
THU 4 DEC,3:30-4:30,Oral Session,Oral Session 4C,https://neurips.cc/virtual/2025/session/122563,,4:30 PM
THU 4 DEC,3:30-4:30,Oral Paper,  → MaxSup: Overcoming Representation Collapse in Label Smoothing,https://neurips.cc/virtual/2025/oral/116897,,4:30 PM
THU 4 DEC,3:30-4:30,Oral Paper,  → Advancing Expert Specialization for Better MoE,https://neurips.cc/virtual/2025/oral/116507,,4:30 PM
THU 4 DEC,3:30-4:30,Oral Paper,  → Learning to Learn with Contrastive Meta-Objective,https://neurips.cc/virtual/2025/oral/115718,,4:30 PM
THU 4 DEC,3:30-4:30,Oral Session,Oral Session 4D,https://neurips.cc/virtual/2025/session/122564,,4:30 PM
THU 4 DEC,3:30-4:30,Oral Paper,  → Exploring Diffusion Transformer Designs via Grafting,https://neurips.cc/virtual/2025/oral/119280,,4:30 PM
THU 4 DEC,3:30-4:30,Oral Paper,  → Deep Compositional Phase Diffusion for Long Motion Sequence Generation,https://neurips.cc/virtual/2025/oral/116419,,4:30 PM
THU 4 DEC,3:30-4:30,Oral Paper,  → Mean Flows for One-step Generative Modeling,https://neurips.cc/virtual/2025/oral/115488,,4:30 PM
THU 4 DEC,3:30-4:30,Oral Session,Oral Session 4E Position Paper Track Panels,https://neurips.cc/virtual/2025/session/122565,,4:30 PM
THU 4 DEC,3:30-4:30,Oral Paper,  → Position Paper Panel: Machine Unlearning and Privacy,https://neurips.cc/virtual/2025/panel/128225,,4:30 PM
THU 4 DEC,3:30-4:30,Oral Paper,  → Position Paper Panel: Conference Critique,https://neurips.cc/virtual/2025/panel/128226,,4:30 PM
FRI 5 DEC,8:30 a.m.,Invited Talk,From Benchmarks to Problems - A Perspective on Problem Finding in AI,https://neurips.cc/virtual/2025/invited-talk/109605,Kyunghyun Cho,9:30 AM
FRI 5 DEC,2:30 p.m.,Invited Talk,Demystifying depth: Principles of learning in deep neural networks,https://neurips.cc/virtual/2025/invited-talk/109602,Andrew Saxe,3:30 PM
FRI 5 DEC,10:00-11:00,Oral Session,Oral Session 5A,https://neurips.cc/virtual/2025/session/122566,,11:00 AM
FRI 5 DEC,10:00-11:00,Oral Paper,  → EvoLM: In Search of Lost Language Model Training Dynamics,https://neurips.cc/virtual/2025/oral/119409,,11:00 AM
FRI 5 DEC,10:00-11:00,Oral Paper,  → Large Language Diffusion Models,https://neurips.cc/virtual/2025/oral/118609,,11:00 AM
FRI 5 DEC,10:00-11:00,Oral Paper,  → Does Reinforcement Learning Really Incentivize Reasoning Capacity in LLMs Beyond the Base Model?,https://neurips.cc/virtual/2025/oral/119945,,11:00 AM
FRI 5 DEC,10:00-11:00,Oral Session,Oral Session 5B,https://neurips.cc/virtual/2025/session/122567,,11:00 AM
FRI 5 DEC,10:00-11:00,Oral Paper,  → WebGen-Bench: Evaluating LLMs on Generating Interactive and Functional Websites from Scratch,https://neurips.cc/virtual/2025/oral/121452,,11:00 AM
FRI 5 DEC,10:00-11:00,Oral Paper,  → QoQ-Med: Building Multimodal Clinical Foundation Models with Domain-Aware GRPO Training,https://neurips.cc/virtual/2025/oral/117310,,11:00 AM
FRI 5 DEC,10:00-11:00,Oral Paper,  → NOVA: A Benchmark for Rare Anomaly Localization and Clinical Reasoning in Brain MRI,https://neurips.cc/virtual/2025/oral/121771,,11:00 AM
FRI 5 DEC,10:00-11:00,Oral Session,Oral Session 5C,https://neurips.cc/virtual/2025/session/122568,,11:00 AM
FRI 5 DEC,10:00-11:00,Oral Paper,  → High-dimensional neuronal activity from low-dimensional latent dynamics: a solvable model,https://neurips.cc/virtual/2025/oral/117112,,11:00 AM
FRI 5 DEC,10:00-11:00,Oral Paper,  → Task-Optimized Convolutional Recurrent Networks Align with Tactile Processing in the Rodent Brain,https://neurips.cc/virtual/2025/oral/116232,,11:00 AM
FRI 5 DEC,10:00-11:00,Oral Paper,  → Memory Mosaics at scale,https://neurips.cc/virtual/2025/oral/118784,,11:00 AM
FRI 5 DEC,10:00-11:00,Oral Session,Oral Session 5D,https://neurips.cc/virtual/2025/session/122569,,11:00 AM
FRI 5 DEC,10:00-11:00,Oral Paper,  → InfinityStar: Uniﬁed Spacetime AutoRegressive Modeling for Visual Generation,https://neurips.cc/virtual/2025/oral/118709,,11:00 AM
FRI 5 DEC,10:00-11:00,Oral Paper,  → PlayerOne: Egocentric World Simulator,https://neurips.cc/virtual/2025/oral/118938,,11:00 AM
FRI 5 DEC,10:00-11:00,Oral Paper,  → BEDLAM2.0: Synthetic humans and cameras in motion,https://neurips.cc/virtual/2025/oral/121503,,11:00 AM
FRI 5 DEC,10:00-11:00,Oral Session,Oral Session 5E,https://neurips.cc/virtual/2025/session/122570,,11:00 AM
FRI 5 DEC,10:00-11:00,Oral Paper,  → Boosting Knowledge Utilization in Multimodal Large Language Models via Adaptive Logits Fusion and Attention Reallocation,https://neurips.cc/virtual/2025/oral/115856,,11:00 AM
FRI 5 DEC,10:00-11:00,Oral Paper,  → HyperET: Efficient Training in Hyperbolic Space for Multi-modal Large Language Models,https://neurips.cc/virtual/2025/oral/118373,,11:00 AM
FRI 5 DEC,10:00-11:00,Oral Paper,  → Rethinking Multimodal Learning from the Perspective of Mitigating Classification Ability Disproportion,https://neurips.cc/virtual/2025/oral/118167,,11:00 AM
FRI 5 DEC,3:30-4:30,Oral Session,Oral Session 6A,https://neurips.cc/virtual/2025/session/122571,,4:30 PM
FRI 5 DEC,3:30-4:30,Oral Paper,  → An Optimized Franz-Parisi Criterion and its Equivalence with SQ Lower Bounds,https://neurips.cc/virtual/2025/oral/117790,,4:30 PM
FRI 5 DEC,3:30-4:30,Oral Paper,  → Spectral Perturbation Bounds for Low-Rank Approximation with Applications to Privacy,https://neurips.cc/virtual/2025/oral/119076,,4:30 PM
FRI 5 DEC,3:30-4:30,Oral Paper,  → Improved Regret Bounds for Gaussian Process Upper Confidence Bound in Bayesian Optimization,https://neurips.cc/virtual/2025/oral/116693,,4:30 PM
FRI 5 DEC,3:30-4:30,Oral Session,Oral Session 6B,https://neurips.cc/virtual/2025/session/122572,,4:30 PM
FRI 5 DEC,3:30-4:30,Oral Paper,  → GnnXemplar: Exemplars to Explanations - Natural Language Rules for Global GNN Interpretability,https://neurips.cc/virtual/2025/oral/116902,,4:30 PM
FRI 5 DEC,3:30-4:30,Oral Paper,  → RAG4GFM: Bridging Knowledge Gaps in Graph Foundation Models through Graph Retrieval Augmented Generation,https://neurips.cc/virtual/2025/oral/115563,,4:30 PM
FRI 5 DEC,3:30-4:30,Oral Paper,  → Discovering Opinion Intervals from Conflicts in Signed Graphs,https://neurips.cc/virtual/2025/oral/115063,,4:30 PM
FRI 5 DEC,3:30-4:30,Oral Session,Oral Session 6C,https://neurips.cc/virtual/2025/session/122573,,4:30 PM
FRI 5 DEC,3:30-4:30,Oral Paper,  → Generalized Linear Mode Connectivity for Transformers,https://neurips.cc/virtual/2025/oral/118595,,4:30 PM
FRI 5 DEC,3:30-4:30,Oral Paper,  → On Linear Mode Connectivity of Mixture-of-Experts Architectures,https://neurips.cc/virtual/2025/oral/118036,,4:30 PM
FRI 5 DEC,3:30-4:30,Oral Paper,  → Learning (Approximately) Equivariant Networks via Constrained Optimization,https://neurips.cc/virtual/2025/oral/118376,,4:30 PM
FRI 5 DEC,3:30-4:30,Oral Session,Oral Session 6D,https://neurips.cc/virtual/2025/session/122574,,4:30 PM
FRI 5 DEC,3:30-4:30,Oral Paper,  → A Snapshot of Influence: A Local Data Attribution Framework for Online Reinforcement Learning,https://neurips.cc/virtual/2025/oral/115686,,4:30 PM
FRI 5 DEC,3:30-4:30,Oral Paper,  → 1000 Layer Networks for Self-Supervised RL: Scaling Depth Can Enable New Goal-Reaching Capabilities,https://neurips.cc/virtual/2025/oral/115732,,4:30 PM
FRI 5 DEC,3:30-4:30,Oral Paper,  → Learning long range dependencies through time reversal symmetry breaking,https://neurips.cc/virtual/2025/oral/115363,,4:30 PM
FRI 5 DEC,3:30-4:30,Oral Session,Oral Session 6E,https://neurips.cc/virtual/2025/session/122575,,4:30 PM
FRI 5 DEC,3:30-4:30,Oral Paper,  → KVzip: Query-Agnostic KV Cache Compression with Context Reconstruction,https://neurips.cc/virtual/2025/oral/118742,,4:30 PM
FRI 5 DEC,3:30-4:30,Oral Paper,  → MokA: Multimodal Low-Rank Adaptation for MLLMs,https://neurips.cc/virtual/2025/oral/116048,,4:30 PM
FRI 5 DEC,3:30-4:30,Oral Paper,  → ElasticMM: Efficient Multimodal LLMs Serving with Elastic Multimodal Parallelism,https://neurips.cc/virtual/2025/oral/117338,,4:30 PM
SAT 6 DEC,8 a.m.,Workshop,Structured Probabilistic Inference and Generative Modeling,https://neurips.cc/virtual/2025/workshop/109570,,5:00 PM
SAT 6 DEC,8 a.m.,Workshop,Reliable ML from Unreliable Data,https://neurips.cc/virtual/2025/workshop/109580,,5:00 PM
SAT 6 DEC,8 a.m.,Workshop,GenProCC: 1st Workshop on Generative and Protective AI for Content Creation,https://neurips.cc/virtual/2025/workshop/109545,,5:00 PM
SAT 6 DEC,8 a.m.,Workshop,What Makes a Good Video: Next Practices in Video Generation and Evaluation,https://neurips.cc/virtual/2025/workshop/109548,,5:00 PM
SAT 6 DEC,8 a.m.,Workshop,ML x OR: Mathematical Foundations and Operational Integration of Machine Learning for Uncertainty-Aware Decision-Making,https://neurips.cc/virtual/2025/workshop/109555,,5:00 PM
SAT 6 DEC,8 a.m.,Workshop,Deep Learning for Code in the Agentic Era,https://neurips.cc/virtual/2025/workshop/109562,,5:00 PM
SAT 6 DEC,8 a.m.,Workshop,Differentiable Learning of Combinatorial Algorithms: From Theory To Practice,https://neurips.cc/virtual/2025/workshop/109535,,5:00 PM
SAT 6 DEC,8 a.m.,Workshop,AI and ML for Next-Generation Wireless Communications and Networking (AI4NextG @ NeurIPS’25),https://neurips.cc/virtual/2025/workshop/109576,,5:00 PM
SAT 6 DEC,8 a.m.,Workshop,"The Second Workshop on GenAI for Health: Potential, Trust, and Policy Compliance",https://neurips.cc/virtual/2025/workshop/109566,,5:00 PM
SAT 6 DEC,8 a.m.,Workshop,CauScien: Uncovering Causality in Science,https://neurips.cc/virtual/2025/workshop/109550,,5:00 PM
SAT 6 DEC,8 a.m.,Workshop,Algorithmic Collective Action,https://neurips.cc/virtual/2025/workshop/109567,,5:00 PM
SAT 6 DEC,8 a.m.,Workshop,"Lock-LLM Workshop: Prevent Unauthorized Knowledge Use from Large Language Models - Deep Dive into Un-Distillate, Un-Finetunable, Un-Compressible, Un-Editable, and Un-Usable",https://neurips.cc/virtual/2025/workshop/109568,,5:00 PM
SAT 6 DEC,8 a.m.,Workshop,AI4Mat-NeurIPS-2025: NeurIPS 2025 Workshop on AI for Accelerated Materials Design,https://neurips.cc/virtual/2025/workshop/109538,,5:00 PM
SAT 6 DEC,8 a.m.,Workshop,AI for non-human animal communication,https://neurips.cc/virtual/2025/workshop/109586,,5:00 PM
SAT 6 DEC,8 a.m.,Workshop,Second Workshop on Aligning Reinforcement Learning Experimentalists and Theorists (ARLET),https://neurips.cc/virtual/2025/workshop/109542,,5:00 PM
SAT 6 DEC,8 a.m.,Workshop,The First Workshop on Efficient Reasoning,https://neurips.cc/virtual/2025/workshop/109556,,5:00 PM
SAT 6 DEC,8 a.m.,Workshop,UniReps: Unifying Representations in Neural Models,https://neurips.cc/virtual/2025/workshop/109553,,5:00 PM
SAT 6 DEC,8 a.m.,Workshop,MATH-AI: The 5th Workshop on Mathematical Reasoning and AI,https://neurips.cc/virtual/2025/workshop/109565,,5:00 PM
SAT 6 DEC,8 a.m.,Workshop,ML for Systems,https://neurips.cc/virtual/2025/workshop/109537,,5:00 PM
SAT 6 DEC,8 a.m.,Workshop,"Dynamics at the Frontiers of Optimization, Sampling, and Games",https://neurips.cc/virtual/2025/workshop/109541,,5:00 PM
SAT 6 DEC,8 a.m.,Workshop,AI Virtual Cells and Instruments: A New Era in Drug Discovery and Development,https://neurips.cc/virtual/2025/workshop/109543,,5:00 PM
SAT 6 DEC,8 a.m.,Workshop,OPT 2025: Optimization for Machine Learning,https://neurips.cc/virtual/2025/workshop/109581,,5:00 PM
SAT 6 DEC,8 a.m.,Workshop,Foundation Models for the Brain and Body Workshop,https://neurips.cc/virtual/2025/workshop/109571,,5:00 PM
SAT 6 DEC,8 a.m.,Workshop,Biosecurity Safeguards for Generative AI,https://neurips.cc/virtual/2025/workshop/109573,,5:00 PM
SAT 6 DEC,8 a.m.,Workshop,Imageomics: Discovering Biological Knowledge from Images Using AI,https://neurips.cc/virtual/2025/workshop/109558,,5:00 PM
SAT 6 DEC,8 a.m.,Workshop,Embodied World Models for Decision Making,https://neurips.cc/virtual/2025/workshop/109532,,5:00 PM
SAT 6 DEC,8 a.m.,Workshop,Machine Learning and the Physical Sciences,https://neurips.cc/virtual/2025/workshop/109577,,5:00 PM
SAT 6 DEC,8 a.m.,Workshop,Workshop on Multi-Turn Interactions in Large Language Models,https://neurips.cc/virtual/2025/workshop/109539,,5:00 PM
SAT 6 DEC,8 a.m.,Workshop,Generative AI in Finance,https://neurips.cc/virtual/2025/workshop/109564,,5:00 PM
SUN 7 DEC,8 a.m.,Workshop,UrbanAI: Harnessing Artificial Intelligence for Smart Cities,https://neurips.cc/virtual/2025/workshop/109583,,5:00 PM
SUN 7 DEC,8 a.m.,Workshop,2nd  Workshop on Multi-modal Foundation Models and Large Language Models  for Life Sciences,https://neurips.cc/virtual/2025/workshop/109536,,5:00 PM
SUN 7 DEC,8 a.m.,Workshop,Artificial Intelligence for Music: Where Creativity Meets Computation,https://neurips.cc/virtual/2025/workshop/109534,,5:00 PM
SUN 7 DEC,8 a.m.,Workshop,AI for Science: The Reach and Limits of AI for Scientific Discovery,https://neurips.cc/virtual/2025/workshop/109578,,5:00 PM
SUN 7 DEC,8 a.m.,Workshop,Frontiers in Probabilistic Inference: Learning meets Sampling,https://neurips.cc/virtual/2025/workshop/109572,,5:00 PM
SUN 7 DEC,8 a.m.,Workshop,Non-Euclidean Foundation Models and Geometric Learning: Advancing AI Beyond Euclidean Frameworks,https://neurips.cc/virtual/2025/workshop/109582,,5:00 PM
SUN 7 DEC,8 a.m.,Workshop,Constrained Optimization for Machine Learning,https://neurips.cc/virtual/2025/workshop/109533,,5:00 PM
SUN 7 DEC,8 a.m.,Workshop,New Perspectives in Graph Machine Learning,https://neurips.cc/virtual/2025/workshop/109579,,5:00 PM
SUN 7 DEC,8 a.m.,Workshop,Regulatable ML: Towards Bridging the Gaps between Machine Learning Research and Regulations,https://neurips.cc/virtual/2025/workshop/109575,,5:00 PM
SUN 7 DEC,8 a.m.,Workshop,"Evaluating the Evolving LLM Lifecycle:  Benchmarks, Emergent Abilities, and Scaling",https://neurips.cc/virtual/2025/workshop/109549,,5:00 PM
SUN 7 DEC,8 a.m.,Workshop,Foundations of Reasoning in Language Models,https://neurips.cc/virtual/2025/workshop/109559,,5:00 PM
SUN 7 DEC,8 a.m.,Workshop,Learning to Sense (L2S),https://neurips.cc/virtual/2025/workshop/109563,,5:00 PM
SUN 7 DEC,8 a.m.,Workshop,Multimodal Algorithmic Reasoning Workshop,https://neurips.cc/virtual/2025/workshop/109561,,5:00 PM
SUN 7 DEC,8 a.m.,Workshop,Data on the Brain and Mind,https://neurips.cc/virtual/2025/workshop/109557,,5:00 PM
SUN 7 DEC,8 a.m.,Workshop,CogInterp: Interpreting Cognition in Deep Learning Models,https://neurips.cc/virtual/2025/workshop/109544,,5:00 PM
SUN 7 DEC,8 a.m.,Workshop,What Can('t) Transformers Do?,https://neurips.cc/virtual/2025/workshop/109569,,5:00 PM
SUN 7 DEC,8 a.m.,Workshop,Learning from Time-Series for Health,https://neurips.cc/virtual/2025/workshop/109560,,5:00 PM
SUN 7 DEC,8 a.m.,Workshop,Tackling Climate Change with Machine Learning,https://neurips.cc/virtual/2025/workshop/109574,,5:00 PM
SUN 7 DEC,8 a.m.,Workshop,Workshop on Mechanistic Interpretability,https://neurips.cc/virtual/2025/workshop/109547,,5:00 PM
SUN 7 DEC,8 a.m.,Workshop,AI That Keeps Up: Workshop on Continual and Compatible Foundation Model Updates (CCFM),https://neurips.cc/virtual/2025/workshop/109584,,5:00 PM
SUN 7 DEC,8 a.m.,Workshop,Recent Advances in Time Series Foundation Models: Have We Reached the ‘BERT Moment’?,https://neurips.cc/virtual/2025/workshop/109585,,5:00 PM
SUN 7 DEC,8 a.m.,Workshop,Symmetry and Geometry in Neural Representations,https://neurips.cc/virtual/2025/workshop/109551,,5:00 PM
SUN 7 DEC,8 a.m.,Workshop,GPU-Accelerated and Scalable Optimization (ScaleOpt),https://neurips.cc/virtual/2025/workshop/109554,,5:00 PM
SUN 7 DEC,8 a.m.,Workshop,"NeurIPS 2025 Workshop on Space in Vision, Language, and Embodied AI",https://neurips.cc/virtual/2025/workshop/109546,,5:00 PM
SUN 7 DEC,8 a.m.,Workshop,"LAW 2025: Bridging Language, Agent, and World Models for Reasoning and Planning",https://neurips.cc/virtual/2025/workshop/109552,,5:00 PM
SUN 7 DEC,8 a.m.,Workshop,Workshop on Scaling Environments for Agents,https://neurips.cc/virtual/2025/workshop/109540,,5:00 PM
